modzcta,borocd,overlap_sqft,zip_total_sqft,area_weight
10001,104,11745707.659863638,18436625.999972347,0.637085530719192
10001,105,6690918.340108683,18436625.999972347,0.3629144692808065
10002,103,24549832.14385794,24551650.000000168,0.9999259578829843
10003,103,6003210.822050538,16125019.99999507,0.3722916822461227
10003,102,4586796.069311922,16125019.99999507,0.28445211660595304
10003,106,3247710.3752116035,16125019.99999507,0.20140814555346886
10003,105,2287302.7334209965,16125019.99999507,0.14184805559445482
10004,101,4110180.5347348987,4111416.0000071023,0.9996995037057302
10005,101,2080945.9999840064,2080945.9999840064,1.0
10006,101,2711081.9999954207,2711081.9999954198,1.0000000000000004
10007,101,5061402.000000722,5061402.000000721,1.0000000000000002
10009,103,12640359.211116824,16913297.9999926,0.7473621768576627
10009,106,4271416.613816547,16913297.9999926,0.25254782442894436
10010,106,6414772.45990967,10520676.00000012,0.6097300648655655
10010,105,4104185.925212057,10520676.00000012,0.39010667424907014
10011,104,12019623.898469057,17357540.000021715,0.6924727754309666
10011,102,3665529.3541873335,17357540.000021715,0.21117792925626258
10011,105,1669861.3016704693,17357540.000021715,0.09620379971288445
10012,102,8996216.420619447,8996259.999996992,0.9999951558339193
10013,101,8171153.917867505,15109326.000013376,0.5408020131315104
10013,102,5835886.9879302615,15109326.000013376,0.38624403152894415
10013,103,1102085.4368096422,15109326.000013376,0.07294074115606922
10014,102,13611080.686611092,14071742.00000018,0.9672633769586535
10014,104,354891.8615120151,14071742.00000018,0.02522017967015104
10014,101,104497.16904625553,14071742.00000018,0.007426029346349171
10016,106,11126411.676294675,14843030.000007479,0.7496051464080494
10016,105,3716313.2794857807,14843030.000007479,0.2503743022471765
10017,106,6491034.64072933,10138178.000001073,0.6402565274281673
10017,105,3647065.979998342,10138178.000001073,0.3597358401083465
10018,104,4803219.846104199,8669837.999991529,0.5540149476967035
10018,105,3866115.458172937,8669837.999991529,0.44592707016863686
10019,104,11052644.734563077,19352761.999982502,0.5711145899780646
10019,105,8059973.940283387,19352761.999982502,0.41647667347382633
10019,107,238008.74097944621,19352761.999982502,0.01229843786533733
10021,108,10625758.169978658,10626434.000004265,0.9999364010517915
10022,106,7077979.49160845,12318957.999995587,0.5745599174549492
10022,105,4059174.209173667,12318957.999995587,0.3295062950271541
10022,108,1181439.9507486043,12318957.999995587,0.09590421127736838
10023,107,13738204.780476814,13739238.000002015,0.999924797901805
10024,107,20082258.68725038,23744199.999994826,0.8457753340712576
10024,109,3657908.3810575744,23744199.999994826,0.1540548167998236
10025,107,16431788.78896636,20946240.000006527,0.78447438723901
10025,109,4511280.8100304445,20946240.000006527,0.21537425380541037
10026,110,9004796.990765855,9285290.000015354,0.969791680254571
10026,109,169445.94092384944,9285290.000015354,0.01824885823959933
10026,107,110218.77531615386,9285290.000015354,0.011870256644215916
10027,109,14206741.406572988,24301007.150727004,0.5846153337783768
10027,110,10078835.197598442,24301007.150727004,0.4147496906232925
10028,108,8757675.290846702,8758395.999998594,0.9999177121984559
10029,111,22596395.004762184,22599170.00001719,0.9998772080897218
10030,110,7220643.827911035,7683043.999999193,0.939815498637232
10030,109,462400.17208816134,7683043.999999193,0.06018450136276845
10031,109,17291735.599844694,18069272.000009928,0.9569691352166924
10031,110,775359.8221130818,18069272.000009928,0.042910407354134456
10032,112,16668695.315149883,18196537.999986175,0.9160366282400831
10032,109,1526595.1947961836,18196537.999986175,0.0838948153103268
10033,112,16593838.746027477,16594560.000025464,0.9999565367205888
10034,112,30074645.582333058,30083153.99999042,0.9997171700262093
10035,111,39632364.87393606,39640071.999962926,0.999805572350452
10036,104,6910918.25562004,12599842.000018414,0.5484924537633044
10036,105,5688923.744398375,12599842.000018414,0.45150754623669576
10037,110,3861209.076245469,7176616.000000705,0.5380264286461878
10037,111,3314459.4890339817,7176616.000000705,0.461841554436472
10038,101,5121468.405555653,7700595.999999463,0.6650742884779322
10038,103,2578172.77875504,7700595.999999463,0.3348017190819022
10039,110,8124714.2687087,12098111.99999292,0.6715687760795614
10039,112,3971659.7478207657,12098111.99999292,0.3282875665081535
10040,112,10606789.999994444,10606789.99999444,1.0000000000000004
10044,108,6301277.514895199,6305195.999994839,0.9993785308022712
10065,108,10592334.832889711,10593022.000004396,0.9999351302098037
10069,107,2369805.91928479,2378492.0000051707,0.9963480723414827
10075,108,5417706.829560919,5417956.000001604,0.9999540102502337
10128,108,12150423.059825009,12725237.999995306,0.9548287473939183
10128,111,563874.4127816629,12725237.999995306,0.0443115022903203
10280,101,3019428.6611734712,3021937.999996777,0.9991696259740245
10282,101,1794975.9944409027,1795287.9999932852,0.9998262086348354
10301,501,88542978.79203089,98071575.99999423,0.9028403784602798
10301,502,9526108.44148357,98071575.99999423,0.09713424449795861
10302,501,32857179.917087656,32858590.00000564,0.9999570863229985
10303,501,80705630.8969299,85432170.00001223,0.944674949693053
10303,502,4719384.647868729,85432170.00001223,0.05524130603106597
10304,502,60588703.41072738,104372490.00002152,0.5805045315170203
10304,501,43759847.719765544,104372490.00002152,0.41926610852875623
10305,502,68368416.42132734,112152901.99996904,0.6096000656438316
10305,501,24607149.646734558,112152901.99996904,0.21940715940405495
10306,502,121038613.39090101,209048932.0000689,0.5789965642630555
10306,503,76509248.30539003,209048932.0000689,0.36598727184774527
10307,503,50450523.2746051,50466185.99998969,0.9996896392094186
10308,503,54815225.76079508,54822443.99998507,0.999868334232053
10309,503,186076259.6608819,186084476.51445967,0.9999558434226665
10310,501,49039928.927057214,49045901.99999733,0.9998782146377873
10312,503,204770835.29283097,215190174.15998608,0.9515807870511378
10312,502,10411649.319104819,215190174.15998608,0.048383479216686426
10314,502,316663512.7732052,400447993.9999735,0.7907731278914241
10314,501,56333045.70704593,400447993.9999735,0.14067506031020263
10314,503,27361862.38212594,400447993.9999735,0.06832812947522907
10451,201,13308739.687981779,28859373.99998852,0.4611582942854919
10451,204,13071673.54877734,28859373.99998852,0.45294376616701876
10451,203,2463951.706555736,28859373.99998852,0.08537786393276292
10452,204,26778288.43619649,27592631.999993198,0.9704869197038939
10452,205,813693.3292226656,27592631.999993198,0.029489514781441156
10453,205,24655494.15675062,25772557.99999321,0.9566568501565548
10453,207,774813.2871521544,25772557.99999321,0.03006349960110124
10453,204,340810.8306604128,25772557.99999321,0.013223787513078934
10454,201,29131033.07717787,29138140.00003347,0.9997560955210046
10455,201,15422224.860509548,19954387.99998668,0.7728738591491678
10455,202,4532163.1394771105,19954387.99998668,0.22712614085083122
10456,203,16157855.558436355,28365970.00000972,0.5696211184891903
10456,204,9801786.523409516,28365970.00000972,0.3455473767830311
10456,201,2406327.9181638416,28365970.00000972,0.08483150472777828
10457,206,14411039.307351068,29585562.00001044,0.4870970275077412
10457,205,7254138.771979962,29585562.00001044,0.2451918531065052
10457,203,4228007.845500445,29585562.00001044,0.14290780906913153
10457,204,3692376.0751465987,29585562.00001044,0.12480331031552809
10458,206,13124993.280669851,28012988.000008367,0.4685324279104368
10458,207,11537552.310180806,28012988.000008367,0.4118643934084204
10458,205,3005039.8361166716,28012988.000008367,0.10727309189993492
10459,202,12929622.070404908,22767665.9999991,0.5678940507299
10459,203,8161772.93609179,22767665.9999991,0.35848087968666237
10459,209,1557491.2350701701,22767665.9999991,0.06840803247334319
10459,201,118779.758432245,22767665.9999991,0.005217037110095067
10460,206,14043505.988830226,36606750.19999962,0.3836315955965512
10460,203,7328067.7937493855,36606750.19999962,0.20018351133910436
10460,209,5506690.792993103,36606750.19999962,0.1504282888513048
10460,211,3028685.297062234,36606750.19999962,0.08273570531432384
10461,211,32624657.892286737,66549270.000009656,0.49023314443993155
10461,210,31508945.628043924,66549270.000009656,0.4734679377856339
10461,209,712643.56445915,66549270.000009656,0.010708510618659626
10462,211,19503488.950902004,41254354.00001614,0.4727619526146107
10462,209,16435387.551090416,41254354.00001614,0.3983915867664292
10462,210,2752049.504317597,41254354.00001614,0.06670931035101217
10463,208,41845866.40867281,43701833.999996364,0.9575311280683618
10463,207,1854290.904673524,43701833.999996364,0.04243050542624088
10464,210,14629514.296853071,91511708.00001709,0.15986494642685872
10464,212,2222305.8797185826,91511708.00001709,0.02428438861307416
10465,210,94449726.99583283,94472230.00001468,0.999761802974463
10466,212,56253517.46694112,56272804.000062615,0.9996572672454446
10467,212,20150285.00314265,65292335.99997445,0.30861638957366355
10467,207,15041289.037022734,65292335.99997445,0.23036837029431173
10467,211,10398541.779659532,65292335.99997445,0.15926129185611618
10468,207,24088839.539982952,29907543.999997932,0.8054435877444373
10468,208,3231548.7381731947,29907543.999997932,0.1080512909442988
10468,205,2586212.3098062426,29907543.999997932,0.08647357702813784
10469,211,34754808.236871235,65719453.99997204,0.5288359248524193
10469,212,30964118.712355837,65719453.99997204,0.4711560554408899
10470,212,33604077.81254611,40190121.999999,0.836127788130301
10471,208,46987354.03169093,71301084.00004114,0.6589991539492418
10472,209,29445188.182382166,29445624.00002132,0.9999851992391415
10473,209,60221331.66435339,60228405.99997865,0.9998825415431839
10474,202,42850769.670175515,42854744.00000678,0.9999072604463285
10475,210,27739774.199497417,53125579.9999761,0.5221547548188631
10475,212,9838662.183718093,53125579.9999761,0.1851963250796042
11004,413,36427419.34041981,36431072.00001827,0.9998997377952957
11101,402,51209708.26058014,72538548.00001188,0.7059654442017747
11101,401,21315039.823462468,72538548.00001188,0.2938443132809741
11102,401,21995803.61925894,22004342.000004154,0.9996119683676425
11103,401,19826239.999979235,19826239.99997924,0.9999999999999998
11104,402,10834217.2162058,10834329.99999788,0.9999895901461299
11105,401,45722254.81078977,46782343.99998421,0.977339972764195
11106,401,23834189.68129255,23839939.999990456,0.9997587947495711
11109,402,1360739.8886806723,1363238.0000087572,0.9981675163631963
11201,302,33272131.425881907,39084484.000021145,0.8512874680874362
11201,306,5810425.709523785,39084484.000021145,0.14866323192396863
11203,317,49501039.33554392,59870271.99999864,0.826804984877053
11203,309,10339448.388961526,59870271.99999864,0.17269753491284892
11204,311,25353996.225387584,44321509.999995336,0.5720472119607444
11204,312,18967437.26683985,44321509.999995336,0.4279510618397669
11205,302,17515612.77081397,26232550.000001095,0.6677053039377887
11205,303,8716183.488132663,26232550.000001095,0.3322659630166453
11206,301,22022934.883323103,39967116.000006914,0.5510263708624684
11206,303,12649110.950526841,39967116.000006914,0.3164879585138105
11206,304,5295070.166156983,39967116.000006914,0.13248567062372144
11207,305,57303129.19158107,74362817.99999847,0.7705884571451052
11207,304,15394820.586680975,74362817.99999847,0.2070230930016839
11207,318,1153130.5914258698,74362817.99999847,0.015506816745781388
11207,316,510968.6677814156,74362817.99999847,0.0068712924217238
11208,305,88916328.39040038,102631636.00004283,0.8663637437326175
11209,310,59910162.06849137,59912617.999994144,0.9999590081090636
11210,314,23453575.3474245,45726672.00000745,0.512907988305396
11210,318,12927855.533757096,45726672.00000745,0.28272023675274227
11210,317,9318985.860774428,45726672.00000745,0.2037975967455692
11211,301,57437974.839615,64003318.00000337,0.8974218311558781
11211,302,6536929.317254469,64003318.00000337,0.10213422556083929
11212,316,31375719.9643715,42898710.000004165,0.7313907566070973
11212,317,11395637.395248232,42898710.000004165,0.2656405611088801
11212,318,109866.67440634333,42898710.000004165,0.0025610717526548623
11213,308,18366845.46376646,30420668.000013124,0.6037620693851474
11213,309,9829511.814462282,30420668.000013124,0.3231195256612393
11213,303,2223861.019864561,30420668.000013124,0.07310362217764585
11214,311,46168273.33746178,60267732.00000888,0.7660529408582187
11214,313,14092248.189144045,60267732.00000888,0.2338274184457774
11215,307,32571787.110800378,61250778.00001044,0.5317775247000917
11215,306,28677171.026150275,61250778.00001044,0.4681927636273516
11216,303,17183058.520915356,26101208.69885285,0.6583242454082424
11216,308,8918003.194575464,26101208.69885285,0.3416701233061062
11217,306,10313804.519341338,21006575.99999255,0.4909798017223272
11217,302,9595085.486946244,21006575.99999255,0.4567657997643046
11217,308,1097382.1957272014,21006575.99999255,0.05223993647168347
11218,312,24143701.872170746,39825538.000014916,0.6062366783886687
11218,307,7955097.850554175,39825538.000014916,0.1997486600319422
11218,314,7725966.796917985,39825538.000014916,0.19399529008032715
11219,312,30104426.271744695,41318667.99999466,0.7285914026015695
11219,310,7965134.044511745,41318667.99999466,0.1927732531095333
11219,311,3249079.4133351436,41318667.99999466,0.07863466008477242
11220,307,29964206.020864557,48395448.00000394,0.6191533968414161
11220,310,14470018.79557794,48395448.00000394,0.29899545088572715
11220,312,3958630.372450032,48395448.00000394,0.08179757675659309
11221,303,20430340.402638473,38584635.99998349,0.5294941852670896
11221,304,18154108.118112203,38584635.99998349,0.4705009558239702
11222,301,42594223.48240217,42603314.000013806,0.9997866241670393
11223,315,28839255.008665092,57705733.99999618,0.49976411371298046
11223,311,16164421.705976801,57705733.99999618,0.28011811973447687
11223,313,12701388.757398874,57705733.99999618,0.22010618143076935
11224,313,44508273.01810709,44520150.00000162,0.9997332223297871
11225,309,23701672.15208893,24648007.999986798,0.9616059907194782
11226,314,20360345.05791681,35967542.00000655,0.5660755204765758
11226,317,14178876.96448506,35967542.00000655,0.39421312038733364
11226,309,1428107.6910811472,35967542.00000655,0.039705456966753164
11228,310,28932755.43120318,40991787.999997735,0.705818331984074
11228,311,12058702.31693687,40991787.999997735,0.2941736114789024
11229,315,55115821.872641504,60161543.999991685,0.9161304416098284
11229,318,4701161.9810327105,60161543.999991685,0.07814230933024857
11229,314,342925.1884857397,60161543.999991685,0.005700072931735048
11230,314,30274999.654857088,51294868.820301846,0.5902149737611696
11230,312,21018657.824639395,51294868.820301846,0.4097614109955669
11231,306,39018547.30673836,39025586.00001308,0.9998196390113214
11232,307,29391411.57159686,30726490.00002343,0.9565495952051292
11232,312,1330219.665659802,30726490.00002343,0.0432922753512942
11233,316,17938840.961736143,37564228.00000091,0.477551168141555
11233,303,15569035.881627243,37564228.00000091,0.4144644176269739
11233,308,4039201.2221934847,37564228.00000091,0.10752786460015595
11234,318,128219977.42497554,198703954.00003657,0.6452814593963839
11234,315,1847919.7807789345,198703954.00003657,0.009299864162635608
11235,315,45641986.067933545,62503691.9999861,0.7302286410208167
11235,313,16855168.487214804,62503691.9999861,0.2696667660402933
11236,318,82044611.32411738,96933527.99999535,0.8464007554137647
11236,317,9392744.847067228,96933527.99999535,0.09689882376991042
11236,316,1943192.9852897627,96933527.99999535,0.020046654912734177
11237,304,17812930.76304562,27360257.999989286,0.651051271631013
11237,301,9544032.396176659,27360257.999989286,0.3488283040379369
11238,308,13175275.080750784,30798181.999982987,0.42779392240613623
11238,302,10583645.732635548,30798181.999982987,0.34364514543882474
11238,303,2690019.6056322483,30798181.999982987,0.0873434544166839
11239,305,9239156.504396716,11592083.999999495,0.7970229084258809
11239,318,2351023.677940067,11592083.999999495,0.20281285728607293
11354,407,61179346.370500214,61183373.99997839,0.9999341711773172
11355,407,48634270.90986755,48634669.80645579,0.9999917981022626
11356,407,43964963.985900596,43990372.00000481,0.9994224187487158
11357,407,78320763.26567559,78365584.00003207,0.9994280558879461
11358,407,35773763.583419934,54323390.000001155,0.6585333423304248
11358,411,18549626.416722838,54323390.000001155,0.34146665767218215
11360,407,31593362.214449912,45744638.000017196,0.6906462395535414
11360,411,14147328.418268042,45744638.000017196,0.3092674690804794
11361,411,49747472.927381076,49748549.99999106,0.9999783496682821
11362,411,70875162.0078081,70880448.00001685,0.9999254238318479
11363,411,23171993.59991267,23674182.000000667,0.9787875078392156
11364,411,57228198.83563378,68905223.9999596,0.8305349799844977
11364,408,11676950.735104619,68905223.9999596,0.16946393984745575
11365,408,35578959.79915911,70171053.99999702,0.507031856741964
11365,407,18156197.854892768,70171053.99999702,0.25874198576087426
11365,411,16435896.346019715,70171053.99999702,0.23422615749822445
11366,408,30538563.53156093,30538826.000028357,0.9999914054172409
11367,408,49349910.30430964,71520497.99999899,0.6900107197842825
11367,407,3528394.208823832,71520497.99999899,0.04933402741160838
11368,404,24135831.010208327,74325472.00000474,0.32473162108148856
11368,403,15389543.602167532,74325472.00000474,0.20705611667244508
11368,407,6882188.517158921,74325472.00000474,0.09259528842492223
11369,403,30278374.222495936,60897017.99998647,0.4972061886922388
11370,401,24955797.244358215,40876973.99998586,0.610509898417795
11370,403,15551814.60021971,40876973.99998586,0.38045415495347307
11372,403,20312440.11738166,20616680.00001936,0.9852430225119944
11372,402,219543.82404413127,20616680.00001936,0.010648844723977143
11372,404,84696.05859357092,20616680.00001936,0.0041081327640285145
11373,404,40207993.651643425,42557475.99999657,0.9447927234135469
11373,405,1173784.9860386131,42557475.99999657,0.027581170134213497
11373,406,938975.7944899002,42557475.99999657,0.022063709663843217
11373,402,235076.17554284137,42557475.99999657,0.005523733962579461
11374,406,25091184.22273456,26122385.999981407,0.9605242117910828
11374,405,850268.7772533281,26122385.999981407,0.03254943010389377
11374,404,180932.99999349492,26122385.999981407,0.006926358105022401
11375,406,54164017.976763114,55252805.99998931,0.9802944302371466
11375,404,165457.3167197469,55252805.99998931,0.002994550479839502
11377,402,53407456.95374904,70941202.0000158,0.7528411620899396
11377,401,13698128.868009895,70941202.0000158,0.1930912992989158
11377,403,1918405.5594499179,70941202.0000158,0.02704219135516608
11377,404,964594.9576112104,70941202.0000158,0.013597104791246638
11377,405,952615.6611957048,70941202.0000158,0.013428242464731465
11378,405,49093545.36442751,71708115.99999708,0.6846302497255612
11378,402,22612294.259774614,71708115.99999708,0.3153380052513935
11379,405,57828046.16364361,57829451.99998457,0.9999756899591413
11385,405,99343249.06861545,101647790.0000195,0.9773281747551658
11385,406,2295689.967454033,101647790.0000195,0.022584750415661693
11411,413,33101258.525603652,33517616.000014253,0.9875779508181481
11411,412,415137.7838515227,33517616.000014253,0.01238565964391221
11412,412,45890530.82966213,45891500.000008285,0.9999788812667672
11413,413,72849739.86652322,87436665.99999176,0.8331715194462022
11413,412,14585024.309102867,87436665.99999176,0.16680672967453083
11414,410,62688436.9465608,63977515.99996564,0.9798510612164822
11415,409,16216031.367211219,16947942.00000418,0.956814188248179
11415,406,208192.49341993773,16947942.00000418,0.012284234476368068
11415,408,77815.05186787921,16947942.00000418,0.004591415988316459
11416,409,18543509.16359747,18545428.00001605,0.9998965331822712
11417,410,30775336.710368417,30989973.999999404,0.9930739764534494
11417,409,214415.8670696839,30989973.999999404,0.006918878572459855
11418,409,32007000.312638085,45666711.999990515,0.7008825227584752
11419,409,16062470.50998893,31507886.0000015,0.5097920726889822
11419,410,15444467.305470208,31507886.0000015,0.49017783374833435
11420,410,58693323.30402277,58694941.99999809,0.9999724218830419
11421,409,24332894.78365314,35667922.00001596,0.682206683743512
11421,405,1144016.640549106,35667922.00001596,0.03207410402401895
11422,413,54786741.686830364,56474037.99999082,0.970122619651162
11423,412,25649638.763803996,39439022.00000578,0.6503619375703646
11423,408,13789320.045415372,39439022.00000578,0.3496364601894375
11426,413,37653790.604438074,37656799.99999925,0.9999200836087726
11427,413,30312446.896694344,43999010.00000337,0.6889347486839368
11427,411,10138430.523842186,43999010.00000337,0.2304240600832021
11427,408,3204504.2399229663,43999010.00000337,0.07283128052023718
11427,412,343628.33959588874,43999010.00000337,0.007809910713806116
11428,413,22956567.67842647,23157853.999985963,0.9913080753700402
11428,412,201066.5451033042,23157853.999985963,0.008682434266293676
11429,413,43365981.19523067,43693444.00002311,0.9925054476183597
11429,412,324325.8729719913,43693444.00002311,0.007422758274028931
11432,408,46826930.770060495,59894863.9999767,0.7818188011926818
11432,412,13067933.229912568,59894863.9999767,0.2181811988072575
11433,412,44215300.00001313,44215300.00001313,1.0
11434,412,74955710.5499651,288048450.0000246,0.26021910741043286
11434,413,18988928.51224073,288048450.0000246,0.06592268943727733
11434,410,3974423.045870386,288048450.0000246,0.01379775883491144
11435,412,25764644.812713485,42278532.00002012,0.6094025405778334
11435,408,16512108.903617842,42278532.00002012,0.39055539827186964
11436,412,21918706.479564913,21919893.999989294,0.9999458245361779
11691,414,76582865.54994431,76599135.99999619,0.9997875896400206
11692,414,27812011.171400543,27824890.0000101,0.9995371471869412
11693,414,27236165.24054596,27396527.999992445,0.9941466028306021
11694,414,36800103.44335269,37224754.00002321,0.9885922535130722
11697,414,26386222.17419773,72170751.9999902,0.36560824770401884
99999,203,6457666.514889926,156974493.99999636,0.041138317126157294
99999,212,1840963.7728350668,156974493.99999636,0.011727789183605264
99999,204,1836552.0000013446,156974493.99999636,0.011699684153792444
99999,210,1527374.1849396192,156974493.99999636,0.009730078728201886
99999,307,1308915.8580813913,156974493.99999636,0.008338398326555025
99999,206,1082696.8466026534,156974493.99999636,0.006897278780861549
99999,202,385245.37021849985,156974493.99999636,0.002454190871406846
99999,209,373002.2651086104,156974493.99999636,0.002376196639363711
99999,414,300894.77615788043,156974493.99999636,0.0019168386435944645
99999,503,174085.42260820145,156974493.99999636,0.0011090045151424758
99999,502,137586.0751375755,156974493.99999636,0.0008764868204485418
99999,107,119269.41589761806,156974493.99999636,0.0007598012445105943
99999,104,54605.23697493131,156974493.99999636,0.0003478605701059471
